Race,Execution Method,State,Sex,Year,Month,Day,Crimes Committed
1,4,49,1,1977,1,17,1
1,2,12,1,1979,5,25,1
1,3,32,1,1979,10,22,1
1,2,18,1,1981,3,9,1
1,2,51,1,1982,8,10,1
2,5,48,1,1982,12,7,1
1,2,1,1,1983,4,22,1
1,3,28,1,1983,9,2,1
1,2,12,1,1983,11,30,1
2,2,22,1,1983,12,14,1
1,2,13,1,1983,12,15,1
1,2,12,1,1984,1,26,1
2,2,22,1,1984,2,29,1
1,5,48,1,1984,3,14,1
1,5,37,1,1984,3,16,1
1,5,48,1,1984,3,31,1
1,2,22,1,1984,4,5,1
1,2,12,1,1984,4,5,1
2,2,12,1,1984,5,10,1
1,2,12,1,1984,6,20,1
2,2,13,1,1984,7,12,1
2,2,12,1,1984,7,13,1
1,2,12,1,1984,9,7,1
1,2,22,1,1984,9,10,1
2,2,12,1,1984,9,20,1
2,2,51,1,1984,10,12,1
2,2,22,1,1984,10,30,1
1,5,48,1,1984,10,30,1
1,5,37,2,1984,11,2,1
1,2,12,1,1984,11,8,1
2,2,13,1,1984,12,12,1
1,2,22,1,1984,12,28,1
1,2,22,1,1985,1,4,1
2,2,13,1,1985,1,9,1
1,2,45,1,1985,1,11,1
1,5,48,1,1985,1,16,1
1,2,12,1,1985,1,30,1
2,2,13,1,1985,2,20,1
1,2,12,1,1985,3,6,1
1,5,48,1,1985,3,13,1
2,2,13,1,1985,3,20,1
2,2,51,1,1985,4,18,1
5,5,48,1,1985,5,15,1
2,2,12,1,1985,5,29,1
2,5,48,1,1985,6,25,1
2,2,51,1,1985,6,25,1
5,5,48,1,1985,7,9,1
1,5,48,1,1985,9,11,1
1,2,18,1,1985,10,16,1
1,5,32,1,1985,12,6,1
1,2,45,1,1986,1,10,1
1,5,48,1,1986,3,12,1
2,2,1,1,1986,3,21,1
2,2,12,1,1986,4,15,1
1,5,48,1,1986,4,16,1
2,2,12,1,1986,4,22,1
1,5,48,1,1986,5,15,1
1,2,12,1,1986,5,20,1
5,5,48,1,1986,6,9,1
1,5,48,1,1986,6,19,1
2,2,13,1,1986,6,24,1
2,2,51,1,1986,7,31,1
1,5,48,1,1986,8,20,1
2,5,48,1,1986,8,22,1
1,5,48,1,1986,8,26,1
1,5,37,1,1986,9,19,1
2,5,48,1,1986,12,4,1
5,5,48,1,1986,12,18,1
5,5,48,1,1987,1,30,1
5,5,48,1,1987,3,4,1
2,2,13,1,1987,5,15,1
2,3,28,1,1987,5,20,1
2,2,13,1,1987,5,22,1
2,5,48,1,1987,5,28,1
1,2,13,1,1987,5,29,1
1,2,22,1,1987,6,7,1
2,2,22,1,1987,6,9,1
1,2,22,1,1987,6,12,1
1,2,22,1,1987,6,16,1
2,5,48,1,1987,6,24,1
1,2,51,1,1987,7,6,1
1,5,48,1,1987,7,8,1
2,3,28,1,1987,7,8,1
2,2,22,1,1987,7,20,1
2,2,22,1,1987,7,24,1
1,2,22,1,1987,7,30,1
1,2,22,1,1987,8,24,1
2,2,12,1,1987,8,28,1
1,2,1,1,1987,8,28,1
2,5,49,1,1987,8,28,1
2,2,13,1,1987,9,1,1
1,5,48,1,1987,9,10,1
1,2,13,1,1987,9,21,1
1,5,48,1,1988,1,7,1
2,2,12,1,1988,3,15,1
1,2,22,1,1988,3,15,1
2,2,22,1,1988,4,13,1
2,2,51,1,1988,4,14,1
1,5,49,1,1988,6,10,1
1,2,22,1,1988,6,14,1
1,2,13,1,1988,7,28,1
2,5,48,1,1988,11,3,1
1,2,12,1,1988,11,7,1
2,5,48,1,1988,12,13,1
1,5,29,1,1989,1,6,1
1,2,12,1,1989,1,24,1
2,5,48,1,1989,3,22,1
1,2,12,1,1989,5,4,1
2,2,13,1,1989,5,18,1
1,5,48,1,1989,5,24,1
2,2,1,1,1989,5,26,1
1,5,32,1,1989,6,19,1
2,3,28,1,1989,6,21,1
1,5,32,1,1989,6,23,1
2,2,1,1,1989,7,14,1
2,2,1,1,1989,8,18,1
2,2,51,1,1989,8,30,1
1,5,48,1,1989,9,20,1
2,2,1,1,1989,11,17,1
5,5,48,1,1989,12,7,1
1,5,29,1,1990,1,18,1
2,5,48,1,1990,4,21,1
1,2,45,1,1990,4,27,1
1,2,12,1,1990,5,4,1
2,5,29,1,1990,5,11,1
1,5,29,1,1990,5,17,1
1,5,48,1,1990,5,17,1
2,2,22,1,1990,5,18,1
1,5,32,1,1990,6,3,1
1,2,5,1,1990,6,18,1
1,5,5,1,1990,6,25,1
2,5,48,1,1990,6,26,1
2,2,1,1,1990,7,13,1
1,5,48,1,1990,7,18,1
1,2,51,1,1990,7,19,1
2,2,12,1,1990,7,27,1
1,5,29,1,1990,8,31,1
1,5,40,1,1990,9,10,1
1,5,17,1,1990,9,12,1
1,2,12,1,1990,9,21,1
2,2,51,1,1990,10,17,1
1,2,12,1,1990,11,19,1
1,2,51,1,1990,12,13,1
2,5,48,1,1991,2,26,1
1,2,12,1,1991,4,24,1
5,5,48,1,1991,5,23,1
1,5,48,1,1991,6,17,1
2,2,12,1,1991,6,25,1
2,2,22,1,1991,7,22,1
1,2,51,1,1991,7,24,1
2,2,51,1,1991,8,22,1
2,5,29,1,1991,8,23,1
1,2,45,1,1991,9,6,1
2,5,48,1,1991,9,19,1
2,2,13,1,1991,9,25,1
1,5,37,1,1991,10,18,1
1,5,48,1,1991,11,12,1
1,5,56,1,1992,1,22,1
5,5,48,1,1992,1,22,1
2,5,5,1,1992,1,24,1
1,5,48,1,1992,2,11,1
1,5,48,1,1992,2,28,1
1,5,48,1,1992,3,3,1
2,5,40,1,1992,3,10,1
1,5,40,1,1992,3,13,1
1,5,10,1,1992,3,14,1
1,2,1,1,1992,3,20,1
1,3,4,1,1992,4,6,1
1,3,6,1,1992,4,21,1
2,5,48,1,1992,4,23,1
1,5,48,1,1992,5,7,1
1,5,5,1,1992,5,7,1
1,2,12,1,1992,5,12,1
5,5,48,1,1992,5,20,1
1,2,51,1,1992,5,20,1
1,5,48,1,1992,5,22,1
2,2,12,1,1992,7,21,1
1,2,51,1,1992,7,23,1
2,5,49,1,1992,7,30,1
2,5,48,1,1992,8,11,1
2,2,51,1,1992,9,15,1
2,5,48,1,1992,9,22,1
1,5,29,1,1992,10,21,1
1,5,37,1,1992,10,23,1
2,5,48,1,1992,11,19,1
2,2,1,1,1992,11,20,1
2,5,48,1,1992,12,10,1
1,2,51,1,1992,12,10,1
1,1,53,1,1993,1,5,1
2,2,51,1,1993,1,19,1
2,5,29,1,1993,1,27,1
1,5,4,1,1993,3,3,1
3,5,10,1,1993,3,3,1
1,5,22,1,1993,3,5,1
2,2,51,1,1993,3,18,1
5,5,48,1,1993,3,23,1
5,5,48,1,1993,3,25,1
1,5,4,1,1993,4,14,1
1,2,12,1,1993,4,21,1
2,5,48,1,1993,5,4,1
1,2,12,1,1993,5,5,1
5,5,48,1,1993,5,12,1
1,5,48,1,1993,5,18,1
1,2,51,1,1993,6,17,1
1,2,13,1,1993,6,28,1
1,5,48,1,1993,6,29,1
2,5,48,1,1993,7,1,1
2,5,29,1,1993,7,21,1
2,5,29,1,1993,7,28,1
2,5,48,1,1993,7,30,1
1,5,48,1,1993,8,5,1
1,5,48,1,1993,8,12,1
2,5,48,1,1993,8,20,1
5,5,48,1,1993,8,24,1
1,3,6,1,1993,8,24,1
1,2,12,1,1993,8,25,1
2,5,48,1,1993,8,31,1
2,5,10,1,1993,8,31,1
1,5,48,1,1993,9,3,1
2,2,51,1,1993,9,14,1
2,5,48,1,1993,9,28,1
1,5,29,1,1993,10,6,1
1,5,48,1,1993,11,10,1
1,2,13,1,1993,12,7,1
2,5,48,1,1993,12,15,1
1,2,51,1,1993,12,16,1
1,5,16,1,1994,1,6,1
1,5,48,1,1994,2,2,1
2,2,51,1,1994,3,3,1
2,5,48,1,1994,3,31,1
2,2,13,1,1994,3,31,1
1,5,48,1,1994,4,4,1
1,2,12,1,1994,4,22,1
1,5,48,1,1994,4,26,1
2,2,51,1,1994,4,27,1
2,5,48,1,1994,5,3,1
1,5,17,1,1994,5,10,1
2,5,5,1,1994,5,11,1
1,5,5,1,1994,5,11,1
1,5,24,1,1994,5,17,1
1,5,48,1,1994,5,27,1
1,1,53,1,1994,5,27,1
1,5,48,1,1994,6,14,1
1,3,37,1,1994,6,15,1
2,5,10,1,1994,6,23,1
1,5,48,1,1994,8,2,1
1,5,5,1,1994,8,3,1
1,5,5,1,1994,8,3,1
1,5,5,1,1994,8,3,1
2,2,31,1,1994,9,2,1
5,5,48,1,1994,9,16,1
1,5,48,1,1994,9,20,1
2,5,48,1,1994,10,5,1
1,5,48,1,1994,11,22,1
2,5,48,1,1994,12,6,1
2,2,18,1,1994,12,8,1
1,5,48,1,1994,12,11,1
1,5,48,1,1995,1,4,1
5,5,48,1,1995,1,17,1
1,5,37,1,1995,1,24,1
2,5,51,1,1995,1,24,1
1,5,48,1,1995,1,31,1
2,5,48,1,1995,1,31,1
1,5,48,1,1995,2,7,1
1,5,48,1,1995,2,16,1
2,5,48,1,1995,2,21,1
1,5,10,1,1995,3,17,1
1,5,40,1,1995,3,20,1
2,5,17,1,1995,3,22,1
1,5,17,1,1995,3,22,1
1,5,48,1,1995,4,6,1
1,2,13,1,1995,4,7,1
1,5,5,1,1995,4,19,1
2,2,1,1,1995,4,28,1
1,5,42,1,1995,5,2,1
2,5,29,1,1995,5,3,1
1,5,30,1,1995,5,10,1
2,2,1,1,1995,5,12,1
2,5,22,1,1995,5,16,1
2,5,17,1,1995,5,17,1
1,2,13,1,1995,5,17,1
2,5,51,1,1995,5,25,1
1,5,48,1,1995,6,1,1
2,5,48,1,1995,6,8,1
2,5,48,1,1995,6,20,1
2,5,48,1,1995,6,21,1
2,5,29,1,1995,6,21,1
1,5,40,1,1995,7,1,1
1,2,12,1,1995,7,18,1
2,5,29,1,1995,7,26,1
1,5,40,1,1995,8,11,1
2,5,48,1,1995,8,15,1
1,5,42,1,1995,8,16,1
2,5,45,1,1995,8,18,1
2,5,5,1,1995,8,31,1
1,5,4,1,1995,9,13,1
2,5,48,1,1995,9,19,1
1,5,17,1,1995,9,20,1
1,5,37,1,1995,9,22,1
1,5,51,1,1995,9,27,1
1,5,48,1,1995,10,4,1
1,5,51,1,1995,10,19,1
2,5,51,1,1995,11,13,1
1,5,29,1,1995,11,15,1
1,5,17,1,1995,11,22,1
1,5,29,1,1995,11,29,1
2,2,12,1,1995,12,4,1
1,2,12,1,1995,12,5,1
1,5,29,1,1995,12,6,1
2,5,48,1,1995,12,6,1
4,5,48,1,1995,12,7,1
5,5,48,1,1995,12,11,1
1,5,48,1,1995,12,12,1
1,5,51,1,1996,1,4,1
2,5,51,1,1996,1,23,1
1,1,10,1,1996,1,25,1
2,5,10,1,1996,1,30,1
1,5,48,1,1996,2,9,1
2,2,1,1,1996,2,16,1
1,5,29,1,1996,2,21,1
1,5,6,1,1996,2,23,1
2,5,48,1,1996,2,27,1
2,5,22,1,1996,3,1,1
1,5,32,1,1996,3,30,1
1,5,29,1,1996,4,10,1
1,5,40,1,1996,4,26,1
1,5,6,1,1996,5,3,1
1,5,45,1,1996,5,31,1
1,5,4,1,1996,6,19,1
1,2,31,1,1996,7,17,1
1,5,51,1,1996,7,17,1
2,5,18,1,1996,7,18,1
1,5,45,1,1996,7,19,1
3,5,29,1,1996,7,31,1
2,5,29,1,1996,8,7,1
1,5,5,1,1996,8,8,1
1,5,40,1,1996,8,9,1
1,5,29,1,1996,8,21,1
5,5,4,1,1996,8,22,1
1,5,45,1,1996,9,6,1
1,5,41,1,1996,9,6,1
2,5,17,1,1996,9,18,1
5,5,48,1,1996,9,18,1
1,2,45,1,1996,10,4,1
2,2,12,1,1996,10,21,1
1,2,13,1,1996,11,14,1
1,5,45,1,1996,11,15,1
1,2,13,1,1996,11,15,1
2,5,51,1,1996,11,21,1
2,5,45,1,1996,11,22,1
1,5,51,1,1996,12,3,1
2,2,12,1,1996,12,6,1
2,5,51,1,1996,12,10,1
1,5,29,1,1996,12,11,1
1,5,51,1,1996,12,12,1
1,5,51,1,1996,12,16,1
1,5,5,1,1997,1,8,1
5,5,5,1,1997,1,8,1
2,5,5,1,1997,1,8,1
1,2,1,1,1997,1,10,1
1,5,4,1,1997,1,23,1
1,5,29,1,1997,1,29,1
1,5,51,1,1997,2,6,1
1,5,48,1,1997,2,10,1
2,5,51,1,1997,2,26,1
2,5,48,1,1997,3,12,1
5,2,12,1,1997,3,25,1
1,5,48,1,1997,4,2,1
1,5,48,1,1997,4,3,1
1,5,48,1,1997,4,14,1
1,5,48,1,1997,4,16,1
1,5,48,1,1997,4,21,1
1,5,22,1,1997,4,24,1
1,5,48,1,1997,4,29,1
2,2,1,1,1997,5,2,1
2,5,48,1,1997,5,6,1
3,5,40,1,1997,5,8,1
2,5,48,1,1997,5,13,1
1,5,41,1,1997,5,16,1
1,5,48,1,1997,5,16,1
1,5,48,1,1997,5,19,1
1,5,48,1,1997,5,20,1
2,5,48,1,1997,5,21,1
1,5,48,1,1997,5,22,1
1,5,48,1,1997,5,28,1
2,5,48,1,1997,6,2,1
2,5,48,1,1997,6,3,1
2,5,48,1,1997,6,4,1
5,5,48,1,1997,6,4,1
1,2,1,1,1997,6,6,1
1,5,48,1,1997,6,11,1
1,5,45,1,1997,6,13,1
1,5,48,1,1997,6,16,1
2,5,48,1,1997,6,17,1
5,5,48,1,1997,6,18,1
1,5,4,1,1997,6,25,1
1,2,21,1,1997,7,1,1
2,5,24,1,1997,7,2,1
1,5,51,1,1997,7,17,1
1,5,51,1,1997,7,23,1
3,5,48,1,1997,7,29,1
1,5,29,1,1997,8,6,1
1,5,5,1,1997,8,6,1
1,5,29,1,1997,8,13,1
2,5,51,1,1997,8,19,1
1,5,29,1,1997,8,20,1
2,5,48,1,1997,9,9,1
5,5,51,1,1997,9,17,1
2,5,48,1,1997,9,22,1
2,5,29,1,1997,9,24,1
1,5,48,1,1997,9,25,1
1,5,48,1,1997,9,30,1
2,5,48,1,1997,10,1,1
1,5,48,1,1997,10,8,1
1,5,8,1,1997,10,13,1
1,5,29,1,1997,10,22,1
2,5,48,1,1997,10,28,1
4,5,48,1,1997,11,4,1
1,5,48,1,1997,11,6,1
2,5,45,1,1997,11,7,1
2,5,51,1,1997,11,13,1
2,5,17,1,1997,11,19,1
2,5,17,1,1997,11,19,1
1,5,48,1,1997,11,19,1
2,5,18,1,1997,11,20,1
2,5,48,1,1997,11,21,1
1,5,48,1,1997,12,9,1
2,5,51,1,1997,12,9,1
1,5,51,1,1997,12,11,1
1,5,17,1,1998,1,21,1
5,5,4,1,1998,1,21,1
1,5,18,1,1998,1,29,1
1,3,37,1,1998,1,30,1
1,5,48,2,1998,2,3,1
1,5,48,1,1998,2,9,1
2,5,51,1,1998,2,10,1
1,5,40,1,1998,2,20,1
1,5,30,1,1998,2,24,1
2,5,29,1,1998,2,25,1
1,5,45,1,1998,3,6,1
1,5,48,1,1998,3,11,1
1,5,51,1,1998,3,18,1
1,2,12,1,1998,3,23,1
2,2,12,1,1998,3,24,1
2,5,29,1,1998,3,25,1
2,5,51,1,1998,3,25,1
1,2,12,2,1998,3,30,1
3,2,12,1,1998,3,31,1
5,5,51,1,1998,4,14,1
1,5,29,1,1998,4,22,1
5,5,4,1,1998,4,22,1
1,5,48,1,1998,4,22,1
1,5,48,1,1998,4,24,1
1,5,4,1,1998,4,29,1
1,5,48,1,1998,4,29,1
1,2,1,1,1998,5,8,1
2,5,48,1,1998,5,18,1
5,5,48,1,1998,5,19,1
1,5,4,1,1998,6,3,1
1,2,13,1,1998,6,9,1
1,5,48,1,1998,6,11,1
1,5,48,1,1998,6,15,1
1,5,51,1,1998,6,18,1
5,5,48,1,1998,6,26,1
1,5,5,1,1998,7,8,1
1,5,45,1,1998,7,10,1
1,5,6,1,1998,7,14,1
1,5,51,1,1998,7,23,1
1,5,40,1,1998,8,5,1
1,5,37,1,1998,8,14,1
2,5,51,1,1998,8,20,1
5,5,48,1,1998,8,26,1
2,5,51,1,1998,8,31,1
1,5,48,1,1998,9,9,1
5,5,48,1,1998,9,23,1
1,2,51,1,1998,9,23,1
1,5,45,1,1998,9,25,1
5,5,48,1,1998,10,1,1
5,5,32,1,1998,10,5,1
1,5,48,1,1998,10,7,1
1,5,53,1,1998,10,13,1
2,5,51,1,1998,10,14,1
2,5,51,1,1998,10,21,1
2,5,24,1,1998,11,16,1
1,5,48,1,1998,11,17,1
2,5,51,1,1998,11,17,1
1,5,37,1,1998,11,20,1
2,5,51,1,1998,12,3,1
2,5,45,1,1998,12,4,1
2,5,45,1,1998,12,4,1
1,5,48,1,1998,12,7,1
1,5,48,1,1998,12,8,1
4,5,40,1,1998,12,10,1
2,5,45,1,1998,12,11,1
2,5,48,1,1998,12,15,1
1,5,40,1,1998,12,17,1
2,5,45,1,1998,12,18,1
1,5,48,1,1999,1,5,1
3,5,40,1,1999,1,7,1
2,5,45,1,1999,1,8,1
2,5,22,1,1999,1,8,1
2,5,29,1,1999,1,13,1
1,5,4,1,1999,1,13,1
1,5,48,1,1999,1,13,1
2,5,51,1,1999,1,20,1
1,5,45,1,1999,1,22,1
5,5,48,1,1999,1,26,1
3,5,4,1,1999,2,3,1
1,5,40,1,1999,2,4,1
1,5,51,1,1999,2,4,1
4,5,6,1,1999,2,9,1
5,5,48,1,1999,2,10,1
1,5,48,1,1999,2,11,1
5,5,48,1,1999,2,16,1
1,5,5,1,1999,2,16,1
1,5,39,1,1999,2,19,1
1,5,29,1,1999,2,24,1
2,5,48,1,1999,2,24,1
1,5,4,1,1999,2,24,1
1,3,4,1,1999,3,3,1
1,5,51,1,1999,3,9,1
1,5,29,1,1999,3,10,1
1,5,17,1,1999,3,17,1
1,5,51,1,1999,3,25,1
2,5,48,1,1999,3,26,1
1,5,37,1,1999,3,26,1
1,5,48,1,1999,3,30,1
4,5,32,1,1999,4,5,1
1,5,5,1,1999,4,12,1
2,5,51,1,1999,4,13,1
2,5,29,1,1999,4,14,1
1,5,51,1,1999,4,20,1
1,5,10,1,1999,4,23,1
2,5,29,1,1999,4,28,1
1,5,48,1,1999,4,28,1
1,5,51,1,1999,4,28,1
1,5,51,1,1999,4,29,1
2,5,6,1,1999,5,4,1
5,5,48,1,1999,5,4,1
1,5,4,1,1999,5,5,1
2,5,48,1,1999,5,5,1
1,5,21,1,1999,5,25,1
2,5,29,1,1999,5,26,1
1,5,48,1,1999,6,1,1
1,5,40,1,1999,6,3,1
2,5,29,1,1999,6,16,1
1,5,4,1,1999,6,16,1
1,5,48,1,1999,6,17,1
2,2,1,1,1999,6,18,1
1,5,29,1,1999,6,30,1
1,5,48,1,1999,7,1,1
1,5,42,1,1999,7,6,1
2,5,48,1,1999,7,7,1
1,5,40,1,1999,7,8,1
1,2,12,1,1999,7,8,1
1,5,51,1,1999,7,21,1
1,5,48,1,1999,8,4,1
2,5,48,1,1999,8,5,1
2,2,1,1,1999,8,6,1
2,5,48,1,1999,8,10,1
1,5,48,1,1999,8,11,1
2,5,51,1,1999,8,17,1
5,5,48,1,1999,8,18,1
1,5,29,1,1999,9,1,1
2,5,48,1,1999,9,1,1
1,5,5,1,1999,9,8,1
1,5,5,1,1999,9,8,1
2,5,48,1,1999,9,10,1
2,5,48,1,1999,9,14,1
1,5,51,1,1999,9,16,1
1,5,48,1,1999,9,21,1
2,5,10,1,1999,9,24,1
2,5,37,1,1999,9,24,1
1,5,48,1,1999,10,12,1
1,5,48,1,1999,10,14,1
1,5,49,1,1999,10,15,1
2,5,51,1,1999,10,19,1
1,5,37,1,1999,10,21,1
5,5,4,1,1999,10,27,1
3,5,48,1,1999,10,28,1
2,5,51,1,1999,11,9,1
2,5,45,1,1999,11,12,1
2,5,48,1,1999,11,16,1
1,5,48,1,1999,11,17,1
5,5,48,1,1999,11,18,1
2,5,37,1,1999,11,19,1
2,5,40,1,1999,12,2,1
1,5,45,1,1999,12,3,1
1,5,48,1,1999,12,8,1
2,5,40,1,1999,12,9,1
1,5,18,1,1999,12,9,1
1,5,48,1,1999,12,9,1
2,5,51,1,1999,12,9,1
1,5,48,1,1999,12,14,1
2,5,48,1,1999,12,15,1
2,5,40,1,2000,1,6,1
1,2,1,1,2000,1,7,1
1,5,51,1,2000,1,10,1
1,5,48,1,2000,1,12,1
1,5,40,1,2000,1,13,1
1,5,51,1,2000,1,13,1
1,5,48,1,2000,1,18,1
2,5,48,1,2000,1,20,1
1,5,48,1,2000,1,21,1
1,5,48,1,2000,1,24,1
2,5,48,1,2000,1,25,1
1,5,48,1,2000,1,27,1
2,5,40,1,2000,2,10,1
1,5,4,1,2000,2,16,1
1,5,12,1,2000,2,23,1
2,5,48,1,2000,2,23,1
1,5,12,1,2000,2,24,1
1,5,48,2,2000,2,24,1
2,5,48,1,2000,3,1,1
2,2,1,1,2000,3,3,1
2,5,48,1,2000,3,14,1
3,5,6,1,2000,3,15,1
1,5,4,1,2000,3,15,1
1,5,48,1,2000,3,15,1
2,5,51,1,2000,3,16,1
1,5,29,1,2000,3,22,1
2,5,40,1,2000,3,23,1
2,2,1,1,2000,4,14,1
1,5,47,1,2000,4,19,1
2,5,40,1,2000,4,27,1
1,5,5,2,2000,5,2,1
2,5,48,1,2000,5,4,1
1,5,48,1,2000,5,9,1
1,5,48,1,2000,5,11,1
2,5,48,1,2000,5,23,1
1,5,48,1,2000,5,24,1
2,5,40,1,2000,5,25,1
2,5,48,1,2000,5,25,1
3,5,40,1,2000,6,1,1
2,2,1,1,2000,6,2,1
2,5,22,1,2000,6,6,1
2,5,12,1,2000,6,7,1
1,5,40,1,2000,6,8,1
1,5,48,1,2000,6,12,1
2,5,48,1,2000,6,14,1
2,5,40,1,2000,6,15,1
5,5,48,1,2000,6,15,1
1,5,12,1,2000,6,21,1
2,5,48,1,2000,6,22,1
1,5,29,1,2000,6,28,1
5,5,48,1,2000,6,29,1
1,2,51,1,2000,7,6,1
1,5,48,1,2000,7,12,1
1,5,40,1,2000,7,20,1
5,5,48,1,2000,7,26,1
2,5,48,1,2000,8,9,1
5,5,48,1,2000,8,9,1
1,5,40,1,2000,8,10,1
2,5,48,1,2000,8,16,1
1,5,48,1,2000,8,22,1
1,5,48,1,2000,8,23,1
1,5,12,1,2000,8,25,1
1,5,29,1,2000,8,30,1
2,5,48,1,2000,8,30,1
1,5,51,1,2000,8,30,1
2,5,29,1,2000,9,13,1
1,5,51,1,2000,9,14,1
1,5,48,1,2000,9,27,1
2,5,51,1,2000,10,10,1
1,5,48,1,2000,11,1,1
2,5,45,1,2000,11,3,1
1,5,4,1,2000,11,8,1
2,5,37,1,2000,11,9,1
5,5,48,1,2000,11,9,1
2,5,48,1,2000,11,14,1
1,5,29,1,2000,11,15,1
2,5,48,1,2000,11,15,1
2,5,10,1,2000,11,17,1
1,5,48,1,2000,12,5,1
1,5,48,1,2000,12,6,1
2,5,51,1,2000,12,6,1
5,5,12,1,2000,12,7,1
1,5,48,1,2000,12,7,1
2,5,5,1,2000,12,19,1
1,5,48,1,2001,1,9,1
2,5,40,1,2001,1,9,1
1,5,12,1,2001,1,11,1
2,5,40,2,2001,1,11,1
1,5,40,1,2001,1,16,1
1,5,48,1,2001,1,18,1
3,5,40,1,2001,1,18,1
1,5,40,1,2001,1,23,1
1,5,40,1,2001,1,25,1
2,5,48,1,2001,1,29,1
1,5,40,1,2001,1,30,1
1,5,40,1,2001,2,1,1
1,5,29,1,2001,2,7,1
5,5,48,1,2001,2,8,1
1,5,51,1,2001,3,1,1
1,5,40,1,2001,3,1,1
1,5,48,1,2001,3,7,1
2,5,37,1,2001,3,9,1
1,5,18,1,2001,3,14,1
1,5,6,1,2001,3,27,1
1,5,40,1,2001,3,27,1
1,5,29,1,2001,3,28,1
1,5,48,1,2001,4,3,1
1,5,32,1,2001,4,21,1
2,5,29,1,2001,4,25,1
2,5,48,1,2001,4,25,1
1,5,10,1,2001,4,26,1
1,5,40,2,2001,5,1,1
1,5,5,1,2001,5,8,1
3,5,40,1,2001,5,22,1
2,5,29,1,2001,5,23,1
2,5,10,1,2001,5,25,1
2,5,40,1,2001,5,29,1
1,5,48,1,2001,6,13,1
2,5,39,1,2001,6,14,1
2,5,48,1,2001,6,26,1
1,5,18,1,2001,6,27,1
2,5,29,1,2001,7,11,1
1,5,48,1,2001,7,11,1
3,5,40,1,2001,7,17,1
1,5,48,1,2001,8,8,1
1,5,48,1,2001,8,16,1
1,5,37,1,2001,8,24,1
1,5,53,1,2001,8,28,1
1,5,40,1,2001,8,28,1
1,5,37,1,2001,8,31,1
1,5,48,1,2001,9,18,1
2,5,37,1,2001,10,12,1
1,5,51,1,2001,10,18,1
1,5,40,1,2001,10,18,1
2,5,48,1,2001,10,22,1
1,5,29,1,2001,10,24,1
1,5,13,1,2001,10,25,1
2,5,13,1,2001,11,6,1
1,5,35,1,2001,11,6,1
1,5,48,1,2001,11,14,1
1,5,13,1,2001,11,15,1
2,5,48,1,2001,11,15,1
1,5,37,1,2001,11,30,1
1,5,40,2,2001,12,4,1
6,5,40,1,2001,12,6,1
1,5,13,1,2001,12,11,1
2,5,48,1,2001,12,12,1
1,5,29,1,2002,1,9,1
1,5,48,1,2002,1,9,1
2,5,48,1,2002,1,16,1
1,5,13,1,2002,1,24,1
1,5,6,1,2002,1,29,1
1,5,40,1,2002,1,29,1
2,5,48,1,2002,1,30,1
1,5,48,1,2002,1,31,1
1,5,40,1,2002,1,31,1
2,5,29,1,2002,2,6,1
1,5,39,1,2002,2,19,1
1,5,48,1,2002,2,28,1
1,5,29,1,2002,3,6,1
2,5,48,1,2002,3,7,1
1,5,13,1,2002,3,12,1
1,5,51,1,2002,3,14,1
1,5,51,1,2002,4,2,1
1,5,29,1,2002,4,10,1
5,5,48,1,2002,4,10,1
2,5,48,1,2002,4,11,1
1,5,48,1,2002,4,18,1
2,5,39,1,2002,4,26,1
5,5,48,1,2002,4,30,1
1,5,45,1,2002,5,3,1
2,5,48,1,2002,5,9,1
1,2,1,2,2002,5,10,1
1,5,22,1,2002,5,10,1
1,5,48,1,2002,5,16,1
5,5,48,1,2002,5,22,1
2,5,48,1,2002,5,28,1
1,5,48,1,2002,5,30,1
2,5,51,1,2002,6,12,1
1,5,48,1,2002,6,13,1
1,5,48,1,2002,6,25,1
2,5,48,1,2002,6,26,1
1,5,28,1,2002,7,17,1
1,5,40,1,2002,7,23,1
1,5,40,1,2002,7,30,1
1,5,48,1,2002,8,7,1
2,5,48,1,2002,8,8,1
5,5,48,1,2002,8,14,1
1,5,29,1,2002,8,14,1
1,5,13,1,2002,8,16,1
1,5,48,1,2002,8,20,1
2,5,45,1,2002,8,23,1
2,5,48,1,2002,8,28,1
2,5,48,1,2002,9,10,1
1,5,45,1,2002,9,13,1
1,5,48,1,2002,9,17,1
1,5,48,1,2002,9,18,1
1,5,48,1,2002,9,24,1
1,5,39,1,2002,9,25,1
2,5,48,1,2002,9,25,1
1,5,48,1,2002,10,1,1
5,5,12,1,2002,10,2,1
1,5,12,2,2002,10,9,1
1,5,13,1,2002,11,13,1
6,5,51,1,2002,11,14,1
1,5,48,1,2002,11,19,1
1,5,29,1,2002,11,20,1
1,5,48,1,2002,11,20,1
5,5,48,1,2002,12,4,1
1,5,37,1,2002,12,6,1
2,5,12,1,2002,12,9,1
2,5,37,1,2002,12,10,1
1,5,40,1,2002,12,10,1
1,5,48,1,2002,12,11,1
1,5,28,1,2002,12,11,1
1,5,1,1,2002,12,12,1
1,5,40,1,2002,12,12,1
2,5,40,1,2002,12,17,1
1,5,48,1,2003,1,14,1
5,5,48,1,2003,1,15,1
1,5,40,1,2003,1,16,1
1,5,48,1,2003,1,22,1
2,5,48,1,2003,1,28,1
1,5,48,1,2003,1,29,1
1,5,48,1,2003,1,30,1
5,5,48,1,2003,2,4,1
1,5,29,1,2003,2,5,1
2,5,48,1,2003,2,6,1
1,5,39,1,2003,2,12,1
2,5,40,1,2003,2,13,1
2,5,48,1,2003,2,25,1
2,5,12,1,2003,2,26,1
1,5,48,1,2003,3,11,1
1,5,1,1,2003,3,13,1
2,5,40,1,2003,3,18,1
2,5,48,1,2003,3,20,1
2,5,40,1,2003,3,25,1
1,5,13,1,2003,3,25,1
1,5,48,1,2003,3,26,1
1,5,40,1,2003,4,3,1
1,5,40,1,2003,4,8,1
1,2,51,1,2003,4,9,1
2,5,40,1,2003,4,17,1
5,5,48,1,2003,4,22,1
1,5,1,1,2003,4,24,1
1,5,39,1,2003,4,29,1
1,5,18,1,2003,5,2,1
1,5,48,1,2003,5,6,1
1,5,13,1,2003,5,6,1
1,5,48,1,2003,5,15,1
1,5,12,1,2003,5,16,1
1,5,40,1,2003,5,27,1
2,5,40,1,2003,6,5,1
2,5,48,1,2003,6,11,1
1,5,18,1,2003,6,13,1
2,5,39,1,2003,6,18,1
1,5,40,1,2003,7,1,1
1,5,48,1,2003,7,2,1
1,5,40,1,2003,7,8,1
2,5,48,1,2003,7,9,1
2,5,5,1,2003,7,9,1
2,5,40,1,2003,7,22,1
1,5,51,1,2003,7,22,1
2,5,48,1,2003,7,23,1
1,5,40,1,2003,7,24,1
1,5,48,1,2003,7,24,1
1,5,40,1,2003,7,29,1
1,5,1,1,2003,8,7,1
1,5,12,1,2003,9,3,1
1,5,48,1,2003,9,10,1
3,5,37,1,2003,9,12,1
1,5,37,1,2003,9,26,1
1,5,37,1,2003,10,3,1
1,5,13,1,2003,11,4,1
1,5,37,1,2003,11,7,1
2,5,37,1,2003,11,14,1
1,5,48,1,2003,11,20,1
1,5,48,1,2003,12,3,1
1,5,48,1,2003,12,4,1
2,5,37,1,2003,12,5,1
2,5,48,1,2004,1,6,1
2,5,5,1,2004,1,6,1
1,5,37,1,2004,1,9,1
2,5,40,1,2004,1,13,1
2,5,39,1,2004,1,14,1
2,5,48,1,2004,1,14,1
1,5,48,1,2004,1,21,1
1,5,48,1,2004,1,28,1
1,5,39,1,2004,2,3,1
2,5,12,1,2004,2,4,1
2,5,48,1,2004,2,11,1
2,5,48,1,2004,2,12,1
1,5,40,1,2004,2,17,1
1,5,48,1,2004,2,17,1
2,5,48,1,2004,3,3,1
1,5,51,1,2004,3,18,1
1,5,45,1,2004,3,19,1
4,5,40,1,2004,3,23,1
1,5,32,1,2004,3,26,1
1,5,39,1,2004,3,30,1
1,5,51,1,2004,3,31,1
1,5,45,1,2004,4,16,1
1,5,45,1,2004,4,23,1
2,5,48,1,2004,5,18,1
1,5,12,1,2004,5,26,1
1,2,45,1,2004,5,28,1
1,5,39,1,2004,6,8,1
1,5,40,1,2004,6,8,1
1,5,24,1,2004,6,17,1
1,5,48,1,2004,6,30,1
1,5,13,1,2004,7,1,1
1,5,39,1,2004,7,14,1
1,5,13,1,2004,7,19,1
1,5,39,1,2004,7,20,1
1,5,51,1,2004,7,22,1
1,5,1,1,2004,8,5,1
1,5,32,1,2004,8,12,1
1,5,51,1,2004,8,18,1
1,5,48,1,2004,8,25,1
1,5,40,1,2004,8,26,1
2,5,48,1,2004,8,26,1
2,5,51,1,2004,9,9,1
5,5,48,1,2004,9,21,1
1,5,1,1,2004,9,30,1
2,5,48,1,2004,10,5,1
5,5,48,1,2004,10,6,1
2,5,37,1,2004,10,8,1
1,5,48,1,2004,10,12,1
2,5,39,1,2004,10,13,1
1,5,48,1,2004,10,20,1
1,5,37,1,2004,10,22,1
2,5,48,1,2004,10,26,1
2,5,48,1,2004,11,2,1
1,5,48,1,2004,11,4,1
2,5,48,1,2004,11,9,1
2,5,48,1,2004,11,10,1
1,5,37,1,2004,11,12,1
5,5,48,1,2004,11,17,1
1,5,48,1,2005,1,4,1
1,5,6,1,2005,1,19,1
1,5,48,1,2005,1,25,1
1,5,13,1,2005,1,25,1
1,5,48,1,2005,2,17,1
1,5,13,1,2005,3,1,1
2,5,39,1,2005,3,8,1
1,5,48,1,2005,3,8,1
1,5,18,1,2005,3,10,1
1,5,37,1,2005,3,11,1
1,5,40,1,2005,3,15,1
2,5,29,1,2005,3,16,1
1,5,12,1,2005,4,5,1
1,5,45,1,2005,4,15,1
1,5,48,1,2005,4,20,1
1,5,18,1,2005,4,21,1
2,5,29,1,2005,4,27,1
1,5,1,1,2005,4,28,1
1,5,48,1,2005,5,3,1
2,5,37,1,2005,5,6,1
2,5,40,1,2005,5,12,1
1,5,9,1,2005,5,13,1
2,5,29,1,2005,5,18,1
2,5,48,1,2005,5,18,1
1,5,48,1,2005,5,19,1
1,5,18,1,2005,5,25,1
1,5,1,1,2005,6,2,1
5,5,48,1,2005,6,7,1
1,5,13,1,2005,7,12,1
2,5,40,1,2005,7,19,1
1,5,18,1,2005,7,27,1
5,5,48,1,2005,7,28,1
1,5,1,1,2005,8,4,1
2,5,48,1,2005,8,10,1
2,5,40,1,2005,8,11,1
1,5,48,1,2005,8,23,1
1,5,29,1,2005,8,31,1
2,5,48,2,2005,9,14,1
1,5,1,1,2005,9,22,1
1,5,39,1,2005,9,27,1
1,5,18,1,2005,9,28,1
2,5,48,1,2005,10,6,1
5,5,48,1,2005,10,20,1
2,5,39,1,2005,10,25,1
2,5,29,1,2005,10,26,1
1,5,48,1,2005,11,3,1
1,5,10,1,2005,11,4,1
2,5,45,1,2005,11,4,1
1,5,48,1,2005,11,9,1
1,5,37,1,2005,11,11,1
1,5,48,1,2005,11,15,1
2,5,48,1,2005,11,16,1
6,5,37,1,2005,11,18,1
1,5,5,1,2005,11,28,1
2,5,39,1,2005,11,29,1
1,5,37,1,2005,12,2,1
1,5,45,1,2005,12,2,1
2,5,24,1,2005,12,5,1
2,5,6,1,2005,12,13,1
1,5,28,1,2005,12,14,1
3,5,6,1,2006,1,17,1
2,5,37,1,2006,1,20,1
2,5,48,1,2006,1,25,1
1,5,18,1,2006,1,27,1
5,5,48,1,2006,1,31,1
1,5,39,1,2006,2,7,1
1,5,48,1,2006,2,8,1
2,5,48,1,2006,2,15,1
2,5,48,1,2006,3,15,1
1,5,37,1,2006,3,17,1
5,5,48,1,2006,3,22,1
2,5,48,1,2006,3,29,1
1,5,40,1,2006,4,18,1
2,5,37,1,2006,4,21,1
2,5,32,1,2006,4,26,1
2,5,51,1,2006,4,27,1
2,5,39,1,2006,5,2,1
5,5,48,1,2006,5,4,1
2,5,48,1,2006,5,17,1
5,5,48,1,2006,5,24,1
1,5,40,1,2006,6,1,1
1,5,48,1,2006,6,6,1
2,5,48,1,2006,6,20,1
5,5,48,1,2006,6,27,1
1,5,47,1,2006,6,28,1
2,5,48,1,2006,7,11,1
1,5,39,1,2006,7,12,1
1,5,45,1,2006,7,14,1
2,5,48,1,2006,7,19,1
1,5,48,1,2006,7,20,1
1,2,51,1,2006,7,20,1
1,5,51,1,2006,7,27,1
2,5,48,1,2006,8,3,1
1,5,39,1,2006,8,8,1
5,5,48,1,2006,8,17,1
1,5,37,1,2006,8,18,1
2,5,48,1,2006,8,24,1
2,5,40,1,2006,8,29,1
1,5,40,1,2006,8,31,1
2,5,48,1,2006,8,31,1
2,5,48,1,2006,9,12,1
2,5,12,1,2006,9,20,1
1,5,12,1,2006,10,18,1
1,5,28,1,2006,10,18,1
1,5,39,1,2006,10,24,1
1,5,12,1,2006,10,25,1
1,5,48,1,2006,10,25,1
1,5,1,1,2006,10,26,1
2,5,48,1,2006,11,1,1
2,5,48,1,2006,11,8,1
1,5,51,1,2006,11,9,1
5,5,12,1,2006,12,13,1
2,5,40,1,2007,1,9,1
5,5,48,1,2007,1,10,1
1,5,48,1,2007,1,17,1
1,5,48,1,2007,1,30,1
2,5,48,1,2007,2,7,1
1,5,48,1,2007,2,22,1
5,5,48,1,2007,3,6,1
2,5,48,1,2007,3,7,1
2,5,48,1,2007,3,20,1
5,5,48,1,2007,3,28,1
1,5,48,1,2007,3,29,1
1,5,39,1,2007,4,24,1
1,5,48,1,2007,4,26,1
2,5,1,1,2007,5,3,1
1,5,18,1,2007,5,4,1
1,5,47,1,2007,5,9,1
1,5,48,1,2007,5,16,1
1,5,4,1,2007,5,22,1
1,5,39,1,2007,5,24,1
1,5,48,1,2007,6,6,1
1,5,18,1,2007,6,15,1
5,5,48,1,2007,6,20,1
5,5,48,1,2007,6,21,1
2,5,45,1,2007,6,22,1
1,5,40,1,2007,6,26,1
1,5,48,1,2007,6,26,1
2,5,13,1,2007,6,26,1
1,5,46,1,2007,7,11,1
2,5,48,1,2007,7,24,1
2,5,1,1,2007,7,26,1
2,5,48,1,2007,8,15,1
1,5,40,1,2007,8,21,1
2,5,48,1,2007,8,22,1
2,5,1,1,2007,8,23,1
2,5,48,1,2007,8,28,1
5,5,48,1,2007,8,29,1
1,5,48,1,2007,9,5,1
1,2,47,1,2007,9,12,1
1,5,48,1,2007,9,20,1
2,5,48,1,2007,9,25,1
1,5,13,1,2008,5,6,1
1,5,28,1,2008,5,21,1
2,5,51,1,2008,5,27,1
2,5,13,1,2008,6,4,1
1,5,48,1,2008,6,11,1
1,5,40,1,2008,6,17,1
2,2,45,1,2008,6,20,1
2,5,51,1,2008,6,25,1
1,5,12,1,2008,7,1,1
2,5,48,1,2008,7,10,1
2,5,51,1,2008,7,10,1
1,5,28,1,2008,7,23,1
2,5,48,1,2008,7,23,1
1,5,51,1,2008,7,24,1
2,5,48,1,2008,7,31,1
5,5,48,1,2008,8,5,1
5,5,48,1,2008,8,7,1
2,5,48,1,2008,8,12,1
5,5,48,1,2008,8,14,1
1,5,13,1,2008,9,16,1
1,5,48,1,2008,9,17,1
2,5,12,1,2008,9,23,1
1,5,40,1,2008,9,25,1
1,5,39,1,2008,10,14,1
1,5,48,1,2008,10,14,1
2,5,48,1,2008,10,16,1
1,5,48,1,2008,10,21,1
1,5,48,1,2008,10,28,1
1,5,48,1,2008,10,30,1
2,5,48,1,2008,11,6,1
2,5,48,1,2008,11,12,1
2,5,48,1,2008,11,13,1
2,5,39,1,2008,11,19,1
2,5,48,1,2008,11,20,1
1,5,21,1,2008,11,21,1
2,5,45,1,2008,12,5,1
2,5,48,1,2009,1,14,1
1,5,1,1,2009,1,15,1
2,5,48,1,2009,1,21,1
2,5,40,1,2009,1,22,1
2,5,48,1,2009,1,22,1
5,5,48,1,2009,1,28,1
5,5,48,1,2009,1,29,1
1,5,47,1,2009,2,4,1
2,5,48,1,2009,2,10,1
1,5,12,1,2009,2,11,1
1,5,1,1,2009,2,12,1
2,5,48,1,2009,2,12,1
2,5,51,1,2009,2,19,1
1,5,45,1,2009,2,20,1
2,5,48,1,2009,3,3,1
2,5,48,1,2009,3,4,1
5,5,48,1,2009,3,10,1
1,5,13,1,2009,3,10,1
5,5,48,1,2009,3,11,1
5,5,48,1,2009,4,15,1
2,5,1,1,2009,4,16,1
1,5,13,1,2009,4,29,1
2,5,48,1,2009,4,30,1
2,5,45,1,2009,5,8,1
2,5,1,1,2009,5,14,1
1,5,40,1,2009,5,14,1
2,5,48,1,2009,5,19,1
1,5,29,1,2009,5,20,1
1,5,48,1,2009,6,2,1
1,5,39,1,2009,6,3,1
1,5,1,1,2009,6,11,1
1,5,40,1,2009,7,9,1
1,5,39,1,2009,7,14,1
2,5,39,1,2009,7,21,1
1,5,39,1,2009,8,18,1
1,5,12,1,2009,8,19,1
1,5,48,1,2009,9,16,1
2,5,48,1,2009,9,22,1
1,5,1,1,2009,10,8,1
1,5,13,1,2009,10,20,1
2,5,48,1,2009,10,27,1
2,5,48,1,2009,11,5,1
5,5,48,1,2009,11,10,1
2,5,51,1,2009,11,10,1
1,2,51,1,2009,11,17,1
2,5,48,1,2009,11,18,1
2,5,48,1,2009,11,19,1
2,5,47,1,2009,12,2,1
1,5,48,1,2009,12,3,1
1,5,39,1,2009,12,8,1
1,5,18,1,2009,12,11,1
2,5,39,1,2010,1,7,1
2,5,48,1,2010,1,7,1
1,5,22,1,2010,1,7,1
1,5,48,1,2010,1,12,1
2,5,40,1,2010,1,14,1
2,5,39,1,2010,2,4,1
1,5,12,1,2010,2,16,1
5,5,48,1,2010,3,2,1
1,5,48,1,2010,3,11,1
1,5,39,1,2010,3,16,1
1,2,51,1,2010,3,18,1
2,5,48,1,2010,3,30,1
2,5,39,1,2010,4,20,1
1,5,48,1,2010,4,22,1
5,5,48,1,2010,4,27,1
1,5,48,1,2010,5,12,1
1,5,39,1,2010,5,13,1
1,5,48,1,2010,5,13,1
5,5,48,1,2010,5,19,1
1,5,28,1,2010,5,19,1
1,5,28,1,2010,5,20,1
2,5,51,1,2010,5,20,1
5,5,48,1,2010,5,25,1
1,5,1,1,2010,5,27,1
2,5,48,1,2010,6,2,1
1,5,13,1,2010,6,9,1
1,5,1,1,2010,6,10,1
1,5,48,1,2010,6,15,1
1,4,49,1,2010,6,18,1
1,5,48,1,2010,7,1,1
2,5,39,1,2010,7,13,1
2,5,48,1,2010,7,20,1
1,5,28,1,2010,7,21,1
2,5,39,1,2010,8,10,1
1,5,1,1,2010,8,12,1
5,5,48,1,2010,8,17,1
2,5,1,1,2010,9,9,1
1,5,53,1,2010,9,10,1
1,5,51,2,2010,9,23,1
1,5,13,1,2010,9,27,1
1,5,39,1,2010,10,6,1
1,5,40,1,2010,10,14,1
2,5,48,1,2010,10,21,1
3,5,4,1,2010,10,26,1
1,5,1,1,2010,11,4,1
1,5,40,1,2010,12,16,1
2,5,40,1,2011,1,6,1
1,5,40,1,2011,1,11,1
2,5,1,1,2011,1,13,1
2,5,13,1,2011,1,25,1
1,5,29,1,2011,2,9,1
1,5,48,1,2011,2,15,1
1,5,39,1,2011,2,17,1
2,5,48,1,2011,2,22,1
2,5,39,1,2011,3,10,1
2,5,4,1,2011,3,29,1
1,5,1,1,2011,3,31,1
2,5,39,1,2011,4,12,1
1,5,48,1,2011,5,3,1
1,5,45,1,2011,5,6,1
1,5,28,1,2011,5,10,1
1,5,39,1,2011,5,17,1
2,5,28,1,2011,5,17,1
1,5,1,1,2011,5,19,1
1,5,4,1,2011,5,25,1
2,5,48,1,2011,6,1,1
1,5,48,1,2011,6,16,1
2,5,1,1,2011,6,16,1
2,5,48,1,2011,6,21,1
1,5,13,1,2011,6,23,1
1,5,4,1,2011,6,30,1
5,5,48,1,2011,7,7,1
1,5,4,1,2011,7,19,1
1,5,48,1,2011,7,20,1
1,5,13,1,2011,7,21,1
1,5,10,1,2011,7,29,1
5,5,48,1,2011,8,10,1
2,5,51,1,2011,8,18,1
1,5,48,1,2011,9,13,1
1,5,48,1,2011,9,21,1
2,5,13,1,2011,9,21,1
2,5,1,1,2011,9,22,1
5,5,12,1,2011,9,28,1
1,5,1,1,2011,10,20,1
5,5,48,1,2011,10,27,1
2,5,39,1,2011,11,15,1
1,5,12,1,2011,11,15,1
5,5,48,1,2011,11,16,1
1,5,16,1,2011,11,18,1
1,5,40,1,2012,1,5,1
5,5,48,1,2012,1,26,1
1,5,28,1,2012,2,8,1
1,5,12,1,2012,2,15,1
1,5,4,1,2012,2,29,1
5,5,48,1,2012,2,29,1
1,5,48,1,2012,3,7,1
1,5,4,1,2012,3,8,1
1,5,40,1,2012,3,15,1
1,5,28,1,2012,3,20,1
2,5,28,1,2012,3,22,1
5,5,48,1,2012,3,28,1
1,5,12,1,2012,4,12,1
1,5,39,1,2012,4,18,1
2,5,10,1,2012,4,20,1
1,5,4,1,2012,4,25,1
2,5,48,1,2012,4,26,1
1,5,40,1,2012,5,1,1
2,5,28,1,2012,6,5,1
1,5,16,1,2012,6,12,1
1,5,28,1,2012,6,12,1
1,5,28,1,2012,6,20,1
5,5,4,1,2012,6,27,1
2,5,48,1,2012,7,18,1
2,5,48,1,2012,8,7,1
1,5,4,1,2012,8,8,1
1,5,40,1,2012,8,14,1
1,5,39,1,2012,9,20,1
1,5,48,1,2012,9,25,1
2,5,48,1,2012,10,10,1
1,5,46,1,2012,10,15,1
1,5,48,1,2012,10,24,1
1,5,46,1,2012,10,30,1
1,5,48,1,2012,10,31,1
2,5,40,1,2012,11,6,1
2,5,48,1,2012,11,8,1
1,5,39,1,2012,11,13,1
2,5,48,1,2012,11,15,1
5,5,40,1,2012,12,4,1
1,5,4,1,2012,12,5,1
5,5,12,1,2012,12,11,1
1,2,51,1,2013,1,16,1
2,5,48,1,2013,2,21,1
1,5,13,1,2013,2,21,1
1,5,39,1,2013,3,6,1
1,5,40,1,2013,3,12,1
2,5,48,1,2013,4,9,1
1,5,12,1,2013,4,10,1
2,5,48,1,2013,4,16,1
1,5,48,1,2013,4,25,1
1,5,39,1,2013,5,1,1
2,5,48,1,2013,5,7,1
1,5,12,1,2013,5,29,1
2,5,48,1,2013,6,12,1
1,5,12,1,2013,6,12,1
1,5,40,1,2013,6,18,1
2,5,40,1,2013,6,25,1
2,5,48,2,2013,6,26,1
5,5,48,1,2013,7,16,1
2,5,48,1,2013,7,18,1
1,5,1,1,2013,7,25,1
1,5,48,1,2013,7,31,1
2,5,12,1,2013,8,5,1
2,5,40,1,2013,9,10,1
5,5,48,1,2013,9,19,1
1,5,39,1,2013,9,25,1
5,5,48,1,2013,9,26,1
1,5,12,1,2013,10,1,1
1,5,4,1,2013,10,9,1
1,5,48,1,2013,10,9,1
1,5,12,1,2013,10,15,1
1,5,4,1,2013,10,23,1
2,5,12,1,2013,11,12,1
1,5,48,1,2013,11,12,1
1,5,29,1,2013,11,20,1
1,5,48,1,2013,12,3,1
2,5,40,1,2013,12,10,1
1,5,29,1,2013,12,11,1
1,5,40,1,2013,12,17,1
2,5,12,1,2014,1,7,1
2,5,40,1,2014,1,9,1
1,5,39,1,2014,1,16,1
5,5,48,1,2014,1,22,1
1,5,40,1,2014,1,23,1
2,5,29,1,2014,1,29,1
1,5,48,2,2014,2,5,1
2,5,29,1,2014,2,26,1
2,5,12,1,2014,2,26,1
2,5,48,1,2014,3,19,1
1,5,29,1,2014,3,26,1
2,5,48,1,2014,3,27,1
1,5,48,1,2014,4,3,1
5,5,48,1,2014,4,9,1
5,5,48,1,2014,4,16,1
1,5,29,1,2014,4,23,1
1,5,12,1,2014,4,23,1
2,5,40,1,2014,4,29,1
2,5,13,1,2014,6,17,1
2,5,29,1,2014,6,18,1
2,5,12,1,2014,6,18,1
1,5,12,1,2014,7,10,1
1,5,29,1,2014,7,16,1
1,5,4,1,2014,7,23,1
1,5,29,1,2014,8,6,1
2,5,29,1,2014,9,10,1
2,5,48,1,2014,9,10,1
2,5,48,2,2014,9,17,1
5,5,48,1,2014,10,28,1
2,5,12,1,2014,11,13,1
2,5,29,1,2014,11,19,1
2,5,13,1,2014,12,9,1
1,5,29,1,2014,12,10,1
1,5,13,1,2015,1,13,1
1,5,12,1,2015,1,15,1
2,5,40,1,2015,1,15,1
5,5,48,1,2015,1,21,1
2,5,13,1,2015,1,27,1
2,5,48,1,2015,1,29,1
1,5,48,1,2015,2,4,1
1,5,29,1,2015,2,11,1
5,5,48,1,2015,3,11,1
1,5,29,1,2015,3,17,1
1,5,48,1,2015,4,9,1
2,5,29,1,2015,4,14,1
5,5,48,1,2015,4,15,1
2,5,48,1,2015,5,12,1
1,5,48,1,2015,6,3,1
2,5,29,1,2015,6,9,1
2,5,48,1,2015,6,18,1
1,5,29,1,2015,7,14,1
5,5,48,1,2015,8,12,1
2,5,29,1,2015,9,1,1
1,5,13,2,2015,9,30,1
5,5,51,1,2015,10,1,1
5,5,48,1,2015,10,6,1
5,5,48,1,2015,10,14,1
1,5,12,1,2015,10,29,1
2,5,48,1,2015,11,18,1
1,5,13,1,2015,11,19,1
2,5,13,1,2015,12,9,1
1,5,12,1,2016,1,7,1
1,5,48,1,2016,1,20,1
1,5,1,1,2016,1,21,1
1,5,48,1,2016,1,27,1
2,5,13,1,2016,2,3,1
5,5,48,1,2016,2,16,1
1,5,13,1,2016,2,17,1
1,5,48,1,2016,3,9,1
1,5,48,1,2016,3,22,1
1,5,13,1,2016,3,31,1
5,5,48,1,2016,4,6,1
2,5,13,1,2016,4,12,1
1,5,13,1,2016,4,27,1
1,5,29,1,2016,5,11,1
1,5,13,1,2016,7,15,1
1,5,48,1,2016,10,5,1
1,5,13,1,2016,10,19,1
1,5,13,1,2016,11,16,1
1,5,13,1,2016,12,6,1
1,5,1,1,2016,12,8,1
1,5,48,1,2017,1,11,1
2,5,51,1,2017,1,18,1
2,5,48,1,2017,1,26,1
1,5,29,1,2017,1,31,1
5,5,48,1,2017,3,7,1
1,5,48,1,2017,3,14,1
2,5,5,1,2017,4,20,1
1,5,5,1,2017,4,24,1
2,5,5,1,2017,4,24,1
2,5,5,1,2017,4,27,1
1,5,13,1,2017,5,17,1
1,5,1,1,2017,5,26,1
2,5,1,1,2017,6,8,1
1,5,51,1,2017,7,6,1
1,5,39,1,2017,7,26,1
2,5,48,1,2017,7,27,1
1,5,12,1,2017,8,24,1
1,5,39,1,2017,9,13,1
1,5,12,1,2017,10,5,1
1,5,48,1,2017,10,12,1
2,5,1,1,2017,10,19,1
1,5,12,1,2017,11,8,1
5,5,48,1,2017,11,8,1
1,5,48,1,2018,1,18,1
2,5,48,1,2018,1,30,1
1,5,48,1,2018,2,1,1
1,5,12,1,2018,2,22,1
1,5,1,1,2018,3,15,1
2,5,13,1,2018,3,15,1
5,5,48,1,2018,3,27,1
1,5,1,1,2018,4,19,1
2,5,48,1,2018,4,25,1
2,5,13,1,2018,5,4,1
5,5,48,1,2018,5,16,1
1,5,48,1,2018,6,27,1
2,5,48,1,2018,7,17,1
1,5,39,1,2018,7,18,1
1,5,47,1,2018,8,9,1
1,5,31,1,2018,8,14,1
1,5,48,1,2018,9,26,1
1,5,48,1,2018,9,27,1
1,5,46,1,2018,10,29,1
1,2,47,1,2018,11,1,1
5,5,48,1,2018,11,14,1
5,5,48,1,2018,12,4,1
1,2,47,1,2018,12,6,1
2,5,48,1,2018,12,11,1
5,5,12,1,2018,12,13,1
2,5,48,1,2019,1,30,1
2,5,1,1,2019,2,7,1
1,5,48,1,2019,2,28,1
1,5,48,1,2019,4,24,1
2,5,13,1,2019,5,2,1
1,5,1,1,2019,5,16,1
1,5,47,1,2019,5,16,1
1,5,12,1,2019,5,23,1
1,5,1,1,2019,5,31,1
2,5,13,1,2019,6,20,1
1,2,47,1,2019,8,15,1
1,5,48,1,2019,8,21,1
1,5,12,1,2019,8,22,1
1,5,48,1,2019,9,4,1
5,5,48,1,2019,9,10,1
2,5,48,1,2019,9,25,1
1,2,1,1,1983,4,22,10
1,2,1,1,1987,8,28,10
2,2,1,1,1989,5,26,1
2,2,1,1,1989,7,14,11
2,2,1,1,1989,8,18,1
2,2,1,1,1989,11,17,11
2,2,1,1,1990,7,13,24
1,2,5,1,1990,6,18,1
1,5,5,1,1990,6,25,1
1,2,12,1,1979,5,25,1
1,2,12,1,1983,11,30,10
1,2,12,1,1984,1,26,6
1,2,12,1,1984,4,5,1
2,2,12,1,1984,5,10,10
1,2,12,1,1984,6,20,10
2,2,12,1,1984,7,13,10
1,2,12,1,1984,9,7,1
2,2,12,1,1984,9,20,10
1,2,12,1,1984,11,8,10
1,2,12,1,1985,1,30,1
1,2,12,1,1985,3,6,1
2,2,12,1,1985,5,29,1
2,2,12,1,1986,4,15,1
2,2,12,1,1986,4,22,10
1,2,12,1,1986,5,20,10
2,2,12,1,1987,8,28,10
2,2,12,1,1988,3,15,1
1,2,12,1,1989,1,24,24
1,2,12,1,1989,5,4,1
1,2,12,1,1990,5,4,1
2,2,12,1,1990,7,27,11
1,2,12,1,1990,9,21,10
1,2,12,1,1990,11,19,24
1,2,12,1,1991,4,24,1
2,2,13,1,1984,7,12,10
2,2,13,1,1985,1,9,11
2,2,13,1,1985,2,20,10
2,2,13,1,1985,3,20,10
2,2,13,1,1984,12,12,1
2,2,13,1,1986,6,23,10
2,2,13,1,1987,5,15,1
2,2,13,1,1987,5,22,10
1,2,13,1,1987,5,29,10
2,2,13,1,1987,9,1,10
1,2,13,1,1987,9,21,11
1,2,13,1,1988,7,28,1
2,2,13,1,1989,5,18,1
1,2,18,1,1981,3,9,11
1,2,18,1,1985,10,16,1
2,2,22,1,1984,2,29,1
1,2,22,1,1984,4,5,19
1,2,22,1,1984,9,10,10
2,2,22,1,1984,10,30,10
1,2,22,1,1984,12,28,11
1,2,22,1,1985,1,4,1
1,2,22,1,1987,6,7,1
2,2,22,1,1987,6,9,11
1,2,22,1,1987,6,12,10
1,2,22,1,1987,6,16,10
2,2,22,1,1987,7,20,11
2,2,22,1,1987,7,24,19
1,2,22,1,1987,7,30,11
1,2,22,1,1987,8,24,11
1,2,22,1,1988,3,15,1
2,2,22,1,1988,4,13,1
1,2,22,1,1988,6,14,1
2,2,22,1,1990,5,18,1
1,3,28,1,1983,9,2,11
2,3,28,1,1987,5,26,1
2,3,28,1,1987,7,8,10
2,3,28,1,1989,6,21,10
1,5,29,1,1989,1,6,11
1,5,29,1,1990,1,18,1
2,5,29,1,1990,5,11,1
1,5,29,1,1990,5,17,10
1,5,29,1,1990,8,31,1
1,3,32,1,1979,10,23,10
1,5,32,1,1985,12,6,11
1,5,32,1,1989,6,23,1
1,5,32,1,1990,6,3,10
1,5,37,1,1984,3,16,1
1,5,37,2,1984,11,2,1
1,5,37,1,1986,9,19,11
1,5,40,1,1990,9,10,1
1,2,45,1,1985,1,11,19
1,2,45,1,1986,11,10,19
1,2,45,1,1990,4,27,1
2,5,48,1,1982,12,7,1
1,5,48,1,1984,3,14,10
1,5,48,1,1984,3,31,1
1,5,48,1,1984,10,30,1
1,5,48,1,1985,1,16,1
1,5,48,1,1985,3,13,11
5,5,48,1,1985,5,15,10
2,5,48,1,1985,6,25,10
5,5,48,1,1985,7,9,1
1,5,48,1,1985,10,11,10
1,5,48,1,1986,3,11,1
1,5,48,1,1986,4,16,11
1,5,48,1,1986,5,15,11
5,5,48,1,1986,6,9,1
1,5,48,1,1986,6,19,11
1,5,48,1,1986,8,20,10
2,5,48,1,1986,8,22,10
1,5,48,1,1986,8,26,11
2,5,48,1,1986,12,4,10
5,5,48,1,1986,12,18,11
5,5,48,1,1987,1,30,23
5,5,48,1,1987,3,4,1
2,5,48,1,1987,5,28,11
1,5,48,1,1987,6,24,10
1,5,48,1,1987,7,8,1
1,5,48,1,1987,9,10,23
1,5,48,1,1988,1,7,23
2,5,48,1,1988,11,3,1
2,5,48,1,1988,12,13,1
2,5,48,1,1989,3,22,1
1,5,48,1,1989,5,24,11
1,5,48,1,1989,9,20,1
5,5,48,1,1989,12,7,10
2,5,48,1,1990,4,21,10
1,5,48,1,1990,5,17,1
1,5,48,1,1990,7,18,1
2,5,48,1,1991,2,26,10
1,4,49,1,1977,1,17,10
2,5,49,1,1987,8,28,1
1,5,49,1,1988,6,10,24
1,2,51,1,1982,8,10,10
2,2,51,1,1984,10,12,1
2,2,51,1,1985,4,18,1
2,2,51,1,1985,6,25,11
2,2,51,1,1986,7,31,11
1,2,51,1,1987,7,6,11
2,2,51,1,1988,4,14,10
2,2,51,1,1989,8,30,11
1,2,51,1,1990,7,19,10
2,2,51,1,1990,10,17,1
1,2,51,1,1990,12,13,11
1,2,1,1,1992,3,20,6
2,2,1,1,1996,2,16,24
1,2,1,1,1997,1,10,26
1,2,1,1,1997,6,6,24
1,2,1,1,1998,5,8,11
2,2,1,1,1999,6,18,10
2,2,1,1,1999,8,6,11
1,2,1,1,2000,1,7,25
2,2,1,1,2000,3,3,10
2,2,1,1,2000,4,14,10
2,2,1,1,2000,6,2,23
1,2,1,2,2002,5,10,1
1,5,1,1,2002,12,12,10
1,3,4,1,1992,4,6,10
1,5,4,1,1993,3,3,1
1,5,4,1,1993,4,14,10
1,5,4,1,1995,9,13,1
1,5,4,1,1996,6,19,24
5,5,4,1,1996,8,22,11
1,5,4,1,1997,1,23,1
1,5,4,1,1997,6,25,26
5,5,4,1,1998,1,21,10
5,5,4,1,1998,4,22,1
1,5,4,1,1998,4,29,10
1,5,4,1,1998,6,3,10
1,5,4,1,1999,1,13,19
3,5,4,1,1999,2,3,10
1,5,4,1,1999,2,24,10
1,3,4,1,1999,3,3,10
1,5,4,1,1999,5,5,26
1,5,4,1,1999,6,16,25
5,5,4,1,1999,10,27,26
1,5,4,1,2000,2,16,1
1,5,4,1,2000,3,15,25
1,5,4,1,2000,11,8,6
2,5,5,1,1992,1,24,1
1,5,5,1,1992,5,7,1
2,5,5,1,1994,5,11,10
1,5,5,1,1994,5,11,10
1,5,5,1,1994,8,3,10
1,5,5,1,1994,8,3,10
1,5,5,1,1994,8,3,10
2,5,5,1,1995,4,19,10
2,5,5,1,1995,8,31,11
2,5,5,1,1996,8,8,24
1,5,5,1,1997,1,8,1
5,5,5,1,1997,1,8,1
2,5,5,1,1997,1,8,10
1,5,5,1,1997,8,6,10
1,5,5,1,1998,7,8,1
1,5,5,1,1999,2,16,26
1,5,5,1,1999,4,12,10
1,5,5,1,1999,9,8,19
1,5,5,1,1999,9,8,1
1,5,5,2,2000,5,2,1
2,5,5,1,2000,12,19,10
1,5,5,1,2001,5,8,1
1,3,6,1,1992,4,21,25
1,3,6,1,1993,8,24,19
1,5,6,1,1996,2,23,19
1,5,6,1,1996,5,3,24
4,5,6,1,1999,2,9,10
2,5,6,1,1999,5,4,10
3,5,6,1,2000,3,15,11
1,5,6,1,2001,3,27,10
1,5,6,1,2002,1,29,23
1,5,8,1,1997,10,13,24
1,5,10,1,1992,3,14,11
1,5,10,1,1995,3,17,10
1,1,10,1,1996,1,25,1
2,5,10,1,1996,1,30,1
1,5,10,1,1999,4,23,26
2,5,10,1,1999,9,24,10
2,5,10,1,2000,11,17,1
2,5,10,1,2001,5,25,1
1,2,12,1,1992,5,12,10
2,2,12,1,1992,7,21,1
1,2,12,1,1993,4,21,1
1,2,12,1,1993,5,5,10
1,2,12,1,1993,8,25,1
1,2,12,1,1994,4,22,11
2,2,12,1,1995,7,18,26
1,2,12,1,1995,12,4,10
1,2,12,1,1995,12,5,11
2,2,12,1,1996,10,21,24
2,2,12,1,1996,12,6,23
5,2,12,1,1997,3,25,10
1,2,12,1,1998,3,23,24
2,2,12,1,1998,3,24,1
1,2,12,2,1998,3,30,1
3,2,12,1,1998,3,31,10
1,2,12,1,1999,7,8,1
1,5,12,1,2000,2,23,10
1,5,12,1,2000,2,24,24
2,5,12,1,2000,6,7,1
1,5,12,1,2000,6,22,1
1,5,12,1,2000,8,25,1
5,5,12,1,2000,12,7,1
1,5,12,1,2001,1,11,24
5,5,12,1,2002,10,2,11
1,5,12,2,2002,10,9,10
2,5,12,1,2002,12,9,25
1,2,13,1,1993,6,28,19
1,2,13,1,1993,12,7,23
2,2,13,1,1994,3,31,1
1,2,13,1,1995,4,7,10
1,2,13,1,1995,5,17,11
1,2,13,1,1996,11,14,1
1,2,13,1,1996,11,15,19
1,2,13,1,1998,6,10,10
1,5,13,1,2002,1,24,25
1,5,13,1,2002,3,12,10
1,5,13,1,2002,8,16,1
1,5,13,1,2002,11,13,10
1,5,16,1,1994,1,6,1
1,5,17,1,1994,5,10,11
2,5,17,1,1995,3,22,24
2,5,17,1,1995,5,17,10
1,5,17,1,1995,9,20,1
1,5,17,1,1995,11,22,11
2,5,17,1,1996,9,18,1
2,5,17,1,1997,11,19,10
2,5,17,1,1997,11,19,11
1,5,17,1,1998,1,21,10
1,5,17,1,1999,3,17,1
2,2,18,1,1994,12,8,1
2,5,18,1,1996,7,18,1
2,5,18,1,1997,11,20,10
1,5,18,1,1998,1,29,1
1,5,18,1,1999,12,9,23
1,5,18,1,2001,3,14,10
1,5,18,1,2001,6,27,23
1,2,21,1,1997,7,1,10
1,5,21,1,1999,5,25,1
1,5,22,1,1993,3,5,26
2,5,22,1,1995,5,16,1
2,5,22,1,1996,3,1,10
1,5,22,1,1997,4,24,10
2,5,22,1,1999,1,8,1
2,5,22,1,2000,6,6,10
1,5,22,1,2002,5,10,11
1,5,24,1,1994,5,17,1
2,5,24,1,1997,7,2,1
1,5,28,1,2002,7,17,1
1,5,28,1,2002,12,11,24
1,5,29,1,1992,10,21,26
2,5,29,1,1993,1,27,1
2,5,29,1,1993,7,21,6
2,5,29,1,1993,7,28,1
1,5,29,1,1993,10,6,1
2,5,29,1,1995,5,3,10
2,5,29,1,1995,6,21,1
1,5,29,1,1995,7,26,10
1,5,29,1,1995,11,15,1
2,5,29,1,1995,11,29,11
2,5,29,1,1995,12,6,1
1,5,29,1,1996,2,21,1
1,5,29,1,1996,4,10,23
3,5,29,1,1996,7,31,1
2,5,29,1,1996,8,7,23
1,5,29,1,1996,8,21,24
1,5,29,1,1996,12,11,1
1,5,29,1,1997,1,29,10
1,5,29,1,1997,8,6,1
1,5,29,1,1997,8,13,1
1,5,29,1,1997,8,20,24
2,5,29,1,1997,9,24,10
1,5,29,1,1997,10,22,6
2,5,29,1,1998,2,25,10
2,5,29,1,1998,3,25,10
1,5,29,1,1998,4,22,1
2,5,29,1,1999,1,13,24
1,5,29,1,1999,2,24,1
1,5,29,1,1999,3,10,1
2,5,29,1,1999,4,14,1
2,5,29,1,1999,4,28,1
2,5,29,1,1999,5,26,10
2,5,29,1,1999,6,16,24
1,5,29,1,1999,6,30,1
1,5,29,1,1999,9,1,26
1,5,29,1,2000,3,22,24
1,5,29,1,2000,6,28,10
1,5,29,1,2000,8,30,10
2,5,29,1,2000,9,13,10
1,5,29,1,2000,11,15,1
1,5,29,1,2001,2,7,1
1,5,29,1,2001,3,28,10
2,5,29,1,2001,4,25,10
1,5,29,1,2002,1,9,1
2,5,29,1,2002,2,6,24
1,5,29,1,2002,3,6,23
1,5,29,1,2002,4,10,25
1,5,29,1,2002,8,14,1
1,5,29,1,2002,11,20,10
1,5,30,1,1995,5,10,24
1,5,30,1,1998,2,24,24
1,5,32,1,1996,3,30,1
5,5,32,1,1998,10,5,10
4,5,32,1,1999,4,5,10
1,5,32,1,2001,4,21,24
1,3,37,1,1994,6,15,10
1,5,37,1,1995,1,24,11
1,5,37,1,1995,9,22,1
1,3,37,1,1998,1,30,11
1,5,37,1,1998,8,14,1
1,5,37,1,1998,11,20,1
1,5,37,1,1999,3,26,1
2,5,37,1,1999,9,24,1
1,5,37,1,1999,10,21,1
2,5,37,1,1999,11,19,10
2,5,37,1,2000,11,9,11
2,5,37,1,2001,3,9,23
1,5,37,1,2002,12,6,6
2,5,37,1,2002,12,10,10
1,5,39,1,1999,2,19,10
2,5,39,1,2001,6,14,10
1,5,39,1,2002,2,19,10
2,5,39,1,2002,4,26,25
1,5,39,1,2002,9,25,11
2,5,40,1,1992,3,10,10
1,5,40,1,1995,3,20,23
1,5,40,1,1995,7,1,10
2,5,40,1,1995,8,11,1
1,5,40,1,1996,4,26,10
1,5,40,1,1996,8,9,10
3,5,40,1,1997,5,8,10
1,5,40,1,1998,2,20,1
4,5,40,1,1998,12,10,1
1,5,40,1,1998,12,17,1
5,5,40,1,1999,1,7,1
1,5,40,1,1999,2,4,1
1,5,40,1,1999,6,3,1
1,5,40,1,1999,7,8,10
2,5,40,1,1999,12,2,19
2,5,40,1,1999,12,9,10
2,5,40,1,2000,1,6,11
1,5,40,1,2000,1,13,25
2,5,40,1,2000,2,10,11
2,5,40,1,2000,3,23,19
2,5,40,1,2000,4,27,10
2,5,40,1,2000,5,25,10
3,5,40,1,2000,6,1,1
1,5,40,1,2000,6,8,25
2,5,40,1,2000,6,15,6
1,5,40,1,2000,7,20,10
1,5,40,1,2000,8,10,24
2,5,40,1,2001,1,9,19
2,5,40,2,2001,1,11,1
1,5,40,1,2001,1,16,1
5,5,40,1,2001,1,18,26
1,5,40,1,2001,1,23,10
1,5,40,1,2001,1,25,10
1,5,40,1,2001,1,30,26
1,5,40,1,2001,2,1,1
1,5,40,1,2001,3,1,1
1,5,40,1,2001,3,27,1
1,5,40,2,2001,5,1,6
1,5,40,1,2001,5,22,1
2,5,40,1,2001,5,29,6
1,5,40,1,2001,6,11,1
1,5,40,1,2002,1,29,10
1,5,40,1,2002,1,31,10
1,5,40,1,2002,7,23,25
1,5,40,1,2002,7,30,1
1,5,40,1,2002,12,10,10
1,5,40,1,2002,12,12,10
2,5,40,1,2002,12,17,10
1,5,41,1,1996,9,6,24
1,5,41,1,1997,5,16,24
1,5,42,1,1995,5,2,1
1,5,42,1,1995,8,16,1
1,5,42,1,1999,7,6,11
2,5,45,1,1995,8,18,25
1,5,45,1,1996,5,31,1
1,5,45,1,1996,7,19,1
1,5,45,1,1996,9,6,11
1,2,45,1,1996,10,4,24
1,5,45,1,1996,11,15,10
2,5,45,1,1996,11,22,11
1,5,45,1,1997,6,13,10
2,5,45,1,1997,11,7,10
1,5,45,1,1998,3,6,11
2,5,45,1,1998,12,4,10
2,5,45,1,1998,12,4,10
2,5,45,1,1999,1,8,23
1,5,45,1,1999,1,22,1
2,5,45,1,1999,11,12,25
1,5,45,1,1999,12,3,10
2,5,45,1,2000,11,3,10
1,5,45,1,2002,5,3,1
2,5,45,1,2002,8,23,10
1,5,45,1,2002,9,13,26
5,5,48,1,1992,1,22,10
1,5,48,1,1992,2,11,11
1,5,48,1,1992,2,28,1
1,5,48,1,1992,3,3,23
1,5,48,1,1992,5,7,10
5,5,48,1,1992,5,20,11
1,5,48,1,1992,5,22,6
2,5,48,1,1992,8,11,23
2,5,48,1,1992,9,22,10
2,5,48,1,1992,12,10,24
5,5,48,1,1993,3,23,10
5,5,48,1,1993,3,25,1
2,5,48,1,1993,5,4,23
5,5,48,1,1993,5,12,1
1,5,48,1,1993,5,18,10
1,5,48,1,1993,6,29,1
2,5,48,1,1993,7,1,10
2,5,48,1,1993,7,30,10
1,5,48,1,1993,8,5,10
1,5,48,1,1993,8,12,10
2,5,48,1,1993,8,20,25
5,5,48,1,1993,8,24,10
2,5,48,1,1993,8,31,10
1,5,48,1,1993,9,3,24
2,5,48,1,1993,9,28,24
1,5,48,1,1993,11,10,25
2,5,48,1,1993,12,15,10
1,5,48,1,1994,2,2,10
2,5,48,1,1994,3,31,25
1,5,48,1,1994,4,4,25
1,5,48,1,1994,4,26,25
2,5,48,1,1994,5,3,1
1,5,48,1,1994,5,27,1
1,5,48,1,1994,6,14,25
1,5,48,1,1994,8,2,10
5,5,48,1,1994,9,16,10
1,5,48,1,1994,9,20,1
1,5,48,1,1994,11,22,10
2,5,48,1,1994,12,6,23
1,5,48,1,1994,12,11,10
1,5,48,1,1995,1,4,24
5,5,48,1,1995,1,17,1
1,5,48,1,1995,1,31,10
2,5,48,1,1995,1,31,10
1,5,48,1,1995,2,7,25
1,5,48,1,1995,2,16,10
2,5,48,1,1995,2,21,11
1,5,48,1,1995,4,6,10
1,5,48,1,1995,6,1,19
2,5,48,1,1995,6,8,10
2,5,48,1,1995,6,20,23
2,5,48,1,1995,6,21,11
2,5,48,1,1995,8,15,1
2,5,48,1,1995,9,19,10
1,5,48,1,1995,10,4,10
2,5,48,1,1995,12,6,1
4,5,48,1,1995,12,7,1
5,5,48,1,1995,12,11,11
1,5,48,1,1995,12,12,23
1,5,48,1,1996,2,9,10
2,5,48,1,1996,2,27,11
5,5,48,1,1996,9,18,23
1,5,48,1,1997,2,10,24
2,5,48,1,1997,3,12,19
1,5,48,1,1997,4,2,10
1,5,48,1,1997,4,3,1
1,5,48,1,1997,4,14,19
1,5,48,1,1997,4,16,1
1,5,48,1,1997,4,21,11
1,5,48,1,1997,4,29,23
2,5,48,1,1997,5,6,10
2,5,48,1,1997,5,13,10
1,5,48,1,1997,5,19,23
1,5,48,1,1997,5,20,25
2,5,48,1,1997,5,21,10
1,5,48,1,1997,5,22,10
1,5,48,1,1997,5,28,1
2,5,48,1,1997,6,2,10
2,5,48,1,1997,6,3,11
2,5,48,1,1997,6,4,10
5,5,48,1,1997,6,4,11
1,5,48,1,1997,6,11,10
1,5,48,1,1997,6,16,10
2,5,48,1,1997,6,17,24
5,5,48,1,1997,6,18,10
2,5,48,1,1997,9,9,23
2,5,48,1,1997,9,22,10
1,5,48,1,1997,9,25,11
1,5,48,1,1997,9,30,10
2,5,48,1,1997,10,1,10
1,5,48,1,1997,10,8,11
2,5,48,1,1997,10,28,1
4,5,48,1,1997,11,4,24
1,5,48,1,1997,11,6,25
1,5,48,1,1997,11,19,24
2,5,48,1,1997,11,21,10
1,5,48,1,1997,12,9,1
1,5,48,2,1998,2,3,10
1,5,48,1,1998,2,9,1
1,5,48,1,1998,3,11,26
1,5,48,1,1998,4,24,1
1,5,48,1,1998,4,24,1
1,5,48,1,1998,4,29,1
2,5,48,1,1998,5,18,10
5,5,48,1,1998,5,19,11
1,5,48,1,1998,6,11,10
1,5,48,1,1998,6,15,1
5,5,48,1,1998,8,26,1
1,5,48,1,1998,9,9,10
5,5,48,1,1998,9,23,10
5,5,48,1,1998,10,1,1
1,5,48,1,1998,10,7,1
1,5,48,1,1998,11,17,24
2,5,48,1,1998,12,15,1
1,5,48,1,1999,1,5,11
1,5,48,1,1999,1,13,1
5,5,48,1,1999,1,26,1
5,5,48,1,1999,2,10,1
1,5,48,1,1999,2,11,10
5,5,48,1,1999,2,16,6
2,5,48,1,1999,2,24,10
2,5,48,1,1999,3,26,25
1,5,48,1,1999,3,30,10
1,5,48,1,1999,4,28,1
5,5,48,1,1999,5,4,10
2,5,48,1,1999,5,5,23
1,5,48,1,1999,6,1,1
1,5,48,1,1999,6,17,1
1,5,48,1,1999,7,1,10
2,5,48,1,1999,7,7,11
1,5,48,1,1999,8,4,10
2,5,48,1,1999,8,5,19
2,5,48,1,1999,8,10,10
1,5,48,1,1999,8,11,24
5,5,48,1,1999,8,18,23
1,5,48,1,1999,9,1,10
2,5,48,1,1999,9,14,10
1,5,48,1,1999,9,21,10
1,5,48,1,1999,10,12,1
1,5,48,1,1999,10,14,11
3,5,48,1,1999,10,28,11
2,5,48,1,1999,11,16,1
1,5,48,1,1999,11,17,10
5,5,48,1,1999,11,18,10
1,5,48,1,1999,12,8,1
1,5,48,1,1999,12,9,1
1,5,48,1,1999,12,14,10
2,5,48,1,1999,12,15,10
1,5,48,1,2000,1,12,25
1,5,48,1,2000,1,18,25
2,5,48,1,2000,1,20,11
1,5,48,1,2000,1,21,1
1,5,48,1,2000,1,24,1
2,5,48,1,2000,1,25,10
2,5,48,1,2000,2,23,23
1,5,48,2,2000,2,24,1
2,5,48,1,2000,3,1,19
2,5,48,1,2000,3,14,10
1,5,48,1,2000,3,15,11
1,5,48,1,2000,5,4,25
1,5,48,1,2000,5,9,25
1,5,48,1,2000,5,11,1
2,5,48,1,2000,5,23,10
1,5,48,1,2000,5,24,10
2,5,48,1,2000,5,25,24
1,5,48,1,2000,6,12,1
2,5,48,1,2000,6,14,10
5,5,48,1,2000,6,15,23
2,5,48,1,2000,6,22,10
5,5,48,1,2000,6,29,10
1,5,48,1,2000,7,12,11
5,5,48,1,2000,7,26,10
2,5,48,1,2000,8,9,23
5,5,48,1,2000,8,9,11
2,5,48,1,2000,8,16,10
1,5,48,1,2000,8,22,25
1,5,48,1,2000,8,23,23
2,5,48,1,2000,8,30,1
1,5,48,1,2000,9,27,11
1,5,48,1,2000,11,1,6
5,5,48,1,2000,11,9,24
2,5,48,1,2000,11,15,24
1,5,48,1,2000,12,5,24
1,5,48,1,2000,12,6,1
1,5,48,1,2000,12,7,10
1,5,48,1,2000,21,27,1
1,5,48,1,2001,1,9,11
1,5,48,1,2001,1,18,24
2,5,48,1,2001,1,29,11
5,5,48,1,2001,2,8,10
1,5,48,1,2001,3,7,1
1,5,48,1,2001,4,3,1
2,5,48,1,2001,4,25,24
1,5,48,1,2001,6,13,1
2,5,48,1,2002,1,16,10
2,5,48,1,2002,1,30,1
1,5,48,1,2002,1,31,1
1,5,48,1,2002,2,28,10
2,5,48,1,2002,3,7,1
5,5,48,1,2002,4,10,1
1,5,48,1,2002,4,18,10
5,5,48,1,2002,4,30,10
2,5,48,1,2002,5,9,11
1,5,48,1,2002,5,16,1
5,5,48,1,2002,5,22,10
2,5,48,1,2002,5,28,10
1,5,48,1,2002,5,30,10
1,5,48,1,2002,6,13,10
1,5,48,1,2002,6,25,1
2,5,48,1,2002,6,26,11
1,5,48,1,2002,8,7,10
2,5,48,1,2002,8,8,10
5,5,48,1,2002,8,14,10
1,5,48,1,2002,8,20,11
2,5,48,1,2002,8,28,10
2,5,48,1,2002,9,10,10
1,5,48,1,2002,9,17,10
1,5,48,1,2002,9,18,23
1,5,48,1,2002,9,24,1
2,5,48,1,2002,9,25,10
1,5,48,1,2002,10,1,24
1,5,48,1,2002,11,19,1
1,5,48,1,2002,11,20,1
5,5,48,1,2002,12,4,1
1,5,48,1,2002,12,11,1
1,4,49,1,1996,1,26,11
1,5,49,1,1999,10,15,10
1,2,51,1,1992,5,20,11
1,2,51,1,1992,7,23,11
2,2,51,1,1993,1,19,10
1,2,51,1,1993,6,17,11
1,2,51,1,1993,12,16,11
2,2,51,1,1994,3,3,10
2,2,51,1,1994,4,27,11
2,5,51,1,1995,1,24,10
2,5,51,1,1995,6,25,10
1,5,51,1,1995,9,27,6
2,5,51,1,1995,10,19,1
1,5,51,1,1995,11,13,10
1,5,51,1,1996,1,4,10
2,5,51,1,1996,1,23,10
1,5,51,1,1996,7,17,10
2,5,51,1,1996,11,21,23
1,5,51,1,1996,12,3,1
2,5,51,1,1996,12,10,10
1,5,51,1,1996,12,12,11
1,5,51,1,1996,12,16,19
1,5,51,1,1997,2,6,25
2,5,51,1,1997,2,26,25
1,5,51,1,1997,7,17,1
1,5,51,1,1997,7,23,11
2,5,51,1,1997,8,19,10
5,5,51,1,1997,9,17,6
2,5,51,1,1997,11,13,10
2,5,51,1,1997,12,9,19
1,5,51,1,1997,12,11,19
2,5,51,1,1998,2,10,10
1,5,51,1,1998,3,18,1
2,5,51,1,1998,3,25,10
5,5,51,1,1998,4,14,11
1,5,51,1,1998,7,23,10
2,5,51,1,1998,8,31,1
1,2,51,1,1998,9,23,1
2,5,51,1,1998,11,17,1
2,5,51,1,1999,1,20,10
1,5,51,1,1999,2,4,10
1,5,51,1,1999,3,9,10
1,5,51,1,1999,3,25,6
2,5,51,1,1999,4,13,10
1,5,51,1,1999,4,20,10
1,5,51,1,1999,4,28,1
1,5,51,1,1999,4,29,10
1,5,51,1,1999,7,21,25
2,5,51,1,1999,8,17,6
1,5,51,1,1999,9,16,24
2,5,51,1,1999,10,19,10
2,5,51,1,1999,11,9,1
2,5,51,1,1999,12,9,10
1,5,51,1,2000,1,10,1
1,5,51,1,2000,1,13,10
2,5,51,1,2000,3,16,1
1,2,51,1,2000,7,6,10
1,5,51,1,2000,8,30,11
1,5,51,1,2000,9,14,11
2,5,51,1,2000,10,10,10
2,5,51,1,2000,12,6,1
1,5,51,1,2001,3,1,10
1,5,51,1,2002,3,14,19
1,5,51,1,2002,4,2,24
2,5,51,1,2002,6,12,25
6,5,51,1,2002,11,14,1
1,1,53,1,1993,1,5,11
1,5,53,1,1998,10,13,11
1,5,53,1,2001,8,28,11
1,5,54,1,2000,4,19,11
1,5,56,1,1992,1,22,26
